{"frame": {"count": 221698312, "mean": 4580.09797247352, "min": -123, "max": 28799, "skipped": 0, "std": 3038.754300178876, "skipped_percentage": 0.0}, "p1_action": {"count": 221698312, "mean": 100.9086977802525, "min": 0, "max": 395, "skipped": 0, "std": 103.10869106771234, "skipped_percentage": 0.0}, "p1_action_frame": {"count": 221698312, "mean": 11.380703593268604, "min": -2, "max": 506, "skipped": 0, "std": 14.198908099499779, "skipped_percentage": 0.0}, "p1_button_a": {"count": 221698312, "mean": 0.06833447608748588, "min": 0, "max": 1, "skipped": 0, "std": 0.2523189954508676, "skipped_percentage": 0.0}, "p1_button_b": {"count": 221698312, "mean": 0.06425838280627066, "min": 0, "max": 1, "skipped": 0, "std": 0.24521264862439934, "skipped_percentage": 0.0}, "p1_button_d_up": {"count": 221698312, "mean": 4.640540519767229e-05, "min": 0, "max": 1, "skipped": 0, "std": 0.006811993227832874, "skipped_percentage": 0.0}, "p1_button_l": {"count": 221698312, "mean": 0.11578797677088296, "min": 0, "max": 1, "skipped": 0, "std": 0.31997050052495324, "skipped_percentage": 0.0}, "p1_button_r": {"count": 221698312, "mean": 0.04666245722249786, "min": 0, "max": 1, "skipped": 0, "std": 0.2109148461072761, "skipped_percentage": 0.0}, "p1_button_start": {"count": 221698312, "mean": 5.802028839985026e-05, "min": 0, "max": 1, "skipped": 0, "std": 0.0076168840115879806, "skipped_percentage": 0.0}, "p1_button_x": {"count": 221698312, "mean": 0.013528073231337838, "min": 0, "max": 1, "skipped": 0, "std": 0.11552083996398824, "skipped_percentage": 0.0}, "p1_button_y": {"count": 221698312, "mean": 0.11369405464846258, "min": 0, "max": 1, "skipped": 0, "std": 0.31743931165823736, "skipped_percentage": 0.0}, "p1_button_z": {"count": 221698312, "mean": 0.009546964886227992, "min": 0, "max": 1, "skipped": 0, "std": 0.09724104250618157, "skipped_percentage": 0.0}, "p1_c_stick_x": {"count": 221698312, "mean": 0.4988535084497006, "min": 0.0, "max": 1.0, "skipped": 0, "std": 0.060171927892108706, "skipped_percentage": 0.0}, "p1_c_stick_y": {"count": 221698312, "mean": 0.49803779901042766, "min": 0.0, "max": 1.0, "skipped": 0, "std": 0.06531160233316959, "skipped_percentage": 0.0}, "p1_character": {"count": 221698312, "mean": 11.836652644427993, "min": 0, "max": 25, "skipped": 0, "std": 9.187115650294468, "skipped_percentage": 0.0}, "p1_ecb_bottom_x": {"count": 221698312, "mean": 0.0, "min": 0.0, "max": 0.0, "skipped": 0, "std": 0.0, "skipped_percentage": 0.0}, "p1_ecb_bottom_y": {"count": 221698312, "mean": 0.0, "min": 0.0, "max": 0.0, "skipped": 0, "std": 0.0, "skipped_percentage": 0.0}, "p1_ecb_left_x": {"count": 221698312, "mean": 0.0, "min": 0.0, "max": 0.0, "skipped": 0, "std": 0.0, "skipped_percentage": 0.0}, "p1_ecb_left_y": {"count": 221698312, "mean": 0.0, "min": 0.0, "max": 0.0, "skipped": 0, "std": 0.0, "skipped_percentage": 0.0}, "p1_ecb_right_x": {"count": 221698312, "mean": 0.0, "min": 0.0, "max": 0.0, "skipped": 0, "std": 0.0, "skipped_percentage": 0.0}, "p1_ecb_right_y": {"count": 221698312, "mean": 0.0, "min": 0.0, "max": 0.0, "skipped": 0, "std": 0.0, "skipped_percentage": 0.0}, "p1_ecb_top_x": {"count": 221698312, "mean": NaN, "min": 0.0, "max": 0.0, "skipped": 0, "std": NaN, "skipped_percentage": 0.0}, "p1_ecb_top_y": {"count": 221698312, "mean": 0.0, "min": 0.0, "max": 0.0, "skipped": 0, "std": 0.0, "skipped_percentage": 0.0}, "p1_facing": {"count": 221698312, "mean": 0.49372958689915664, "min": 0, "max": 1, "skipped": 0, "std": 0.49996068037351105, "skipped_percentage": 0.0}, "p1_hitlag_left": {"count": 221698312, "mean": 0.19006921441963825, "min": 0, "max": 16, "skipped": 0, "std": 0.9077253854764266, "skipped_percentage": 0.0}, "p1_hitstun_left": {"count": 221698312, "mean": 6.140181432684967, "min": -27, "max": 406, "skipped": 0, "std": 18.556797606204267, "skipped_percentage": 0.0}, "p1_invulnerability_left": {"count": 221698312, "mean": 0.0, "min": 0, "max": 0, "skipped": 0, "std": 0.0, "skipped_percentage": 0.0}, "p1_invulnerable": {"count": 221698312, "mean": 0.10124769014930544, "min": 0, "max": 1, "skipped": 0, "std": 0.3016564194389622, "skipped_percentage": 0.0}, "p1_jumps_left": {"count": 221698312, "mean": 1.3092580380133942, "min": 0, "max": 6, "skipped": 0, "std": 0.830036016089088, "skipped_percentage": 0.0}, "p1_l_shoulder": {"count": 221698312, "mean": 0.1939862255547865, "min": 0.0, "max": 1.0, "skipped": 0, "std": 0.388118872048566, "skipped_percentage": 0.0}, "p1_main_stick_x": {"count": 221698312, "mean": 0.4982398395097791, "min": 0.0, "max": 1.0, "skipped": 0, "std": 0.3359593603009916, "skipped_percentage": 0.0}, "p1_main_stick_y": {"count": 221698312, "mean": 0.4589801060277305, "min": 0.0, "max": 1.0, "skipped": 0, "std": 0.21180465593288395, "skipped_percentage": 0.0}, "p1_on_ground": {"count": 221698312, "mean": 0.4412748934236366, "min": 0, "max": 1, "skipped": 0, "std": 0.49653938600839553, "skipped_percentage": 0.0}, "p1_percent": {"count": 221698312, "mean": 48.059294564644176, "min": 0.0, "max": 362.0, "skipped": 0, "std": 42.031698072024554, "skipped_percentage": 0.0}, "p1_port": {"count": 221698312, "mean": 1.0408496975836232, "min": 1, "max": 3, "skipped": 0, "std": 0.21295396536870398, "skipped_percentage": 0.0}, "p1_position_x": {"count": 221698312, "mean": -0.5167289352139933, "min": -273.71295166015625, "max": 272.91455078125, "skipped": 0, "std": 57.468119913488415, "skipped_percentage": 0.0}, "p1_position_y": {"count": 221698312, "mean": 12.293839645283132, "min": -153.6714324951172, "max": 342.87847900390625, "skipped": 0, "std": 32.53751021321665, "skipped_percentage": 0.0}, "p1_r_shoulder": {"count": 221698312, "mean": 0.1939862255547865, "min": 0.0, "max": 1.0, "skipped": 0, "std": 0.388118872048566, "skipped_percentage": 0.0}, "p1_shield_strength": {"count": 221698312, "mean": 58.27198893120574, "min": 0.023570656776428223, "max": 60.0, "skipped": 0, "std": 4.671685162366788, "skipped_percentage": 0.0}, "p1_speed_air_x_self": {"count": 221698312, "mean": 0.004259486235668909, "min": -18.720003128051758, "max": 18.720003128051758, "skipped": 0, "std": 0.9153283072558647, "skipped_percentage": 0.0}, "p1_speed_ground_x_self": {"count": 221698312, "mean": -0.00013450191357534862, "min": -18.720001220703125, "max": 18.720001220703125, "skipped": 0, "std": 0.6721469414486809, "skipped_percentage": 0.0}, "p1_speed_x_attack": {"count": 221698312, "mean": -0.0023063105152528137, "min": -10.626952171325684, "max": 10.819100379943848, "skipped": 0, "std": 0.5615071707221655, "skipped_percentage": 0.0}, "p1_speed_y_attack": {"count": 221698312, "mean": 0.278188835103773, "min": -8.621999740600586, "max": 11.840371131896973, "skipped": 0, "std": 0.8595507451852092, "skipped_percentage": 0.0}, "p1_speed_y_self": {"count": 221698312, "mean": -0.358073655071543, "min": -28.531028747558594, "max": 33.89440155029297, "skipped": 0, "std": 1.4490390359152674, "skipped_percentage": 0.0}, "p1_stock": {"count": 221698312, "mean": 2.7586075080264747, "min": 0, "max": 4, "skipped": 0, "std": 1.0571812967292493, "skipped_percentage": 0.0}, "p2_action": {"count": 221698312, "mean": 101.3295565913011, "min": 0, "max": 395, "skipped": 0, "std": 103.27696418140474, "skipped_percentage": 0.0}, "p2_action_frame": {"count": 221698312, "mean": 11.487275275239785, "min": -2, "max": 487, "skipped": 0, "std": 14.149785523373252, "skipped_percentage": 0.0}, "p2_button_a": {"count": 221698312, "mean": 0.06528970324320707, "min": 0, "max": 1, "skipped": 0, "std": 0.24703634933673485, "skipped_percentage": 0.0}, "p2_button_b": {"count": 221698312, "mean": 0.0625196686206615, "min": 0, "max": 1, "skipped": 0, "std": 0.2420970046411651, "skipped_percentage": 0.0}, "p2_button_d_up": {"count": 221698312, "mean": 4.1321920394233585e-05, "min": 0, "max": 1, "skipped": 0, "std": 0.00642808003163686, "skipped_percentage": 0.0}, "p2_button_l": {"count": 221698312, "mean": 0.10880826192307722, "min": 0, "max": 1, "skipped": 0, "std": 0.3113984972031106,